Model,CV_Accuracy_Mean,CV_Accuracy_Std,CV_Precision_Mean,CV_Recall_Mean,CV_F1_Mean,Train_Accuracy,Test_Accuracy,Test_Precision,Test_Recall,Test_F1,Test_AUC
Logistic Regression,0.8183333333333334,0.04815484283941637,0.8507217782217783,0.7575757575757576,0.7914234136064799,0.8471074380165289,0.8852459016393442,0.8181818181818182,0.9642857142857143,0.8852459016393442,0.9458874458874459
Decision Tree,0.735,0.06664583007710734,0.7251556286850405,0.7287878787878788,0.7153548454955104,1.0,0.7704918032786885,0.7058823529411765,0.8571428571428571,0.7741935483870968,0.777056277056277
Random Forest,0.8136666666666666,0.07917912182724265,0.8161149961149962,0.7931818181818182,0.7970113702722399,1.0,0.8852459016393442,0.8888888888888888,0.8571428571428571,0.8727272727272727,0.9377705627705628
Support Vector Machine,0.8344999999999999,0.05263633092582854,0.8642754467754468,0.775,0.8095365224655842,0.8925619834710744,0.8524590163934426,0.8064516129032258,0.8928571428571429,0.847457627118644,0.928030303030303
